"Date","Brazil","Canada","France","Ireland","Japan","Korea","US","Sweden"
1991-01-01,111.854377746582,182.074081420898,102.56120300293,162.653882236676,83.2520951784061,78.8904800415039,204.010543823242,136.3667365
1991-02-01,146.82421875,129.966064453125,120.204612731934,151.836635816667,84.6808136180633,65.6836547851562,106.518058776855,125.3643566
1991-03-01,124.65119934082,145.063400268555,129.198303222656,165.289916889805,78.7554215106287,65.2398681640625,107.937484741211,94.9684376
1991-04-01,153.107681274414,128.067123413086,120.837280273438,56.9575628365752,78.357725348291,52.1923027038574,93.0146408081055,106.7084048
1991-05-01,119.104202270508,92.5836868286133,116.281135559082,128.932153010828,77.6796160340546,34.9685401916504,82.1478271484375,103.0608616
1991-06-01,63.6128578186035,93.472900390625,149.964324951172,143.315923487012,61.227576012008,46.4342803955078,85.9190368652344,109.0406244
1991-07-01,86.6436767578125,90.3523254394531,98.3504943847656,134.754051345665,73.417805944575,29.320182800293,80.6489944458008,150.5863875
1991-08-01,68.6040191650391,76.4275054931641,97.8092269897461,92.2489963076023,85.5330056025143,127.977394104004,99.1220855712891,132.2282144
1991-09-01,79.2405395507812,115.773445129395,76.7636642456055,58.8180451659083,82.7515861009038,84.7468643188477,127.294441223145,129.1572425
1991-10-01,136.584884643555,133.407119750977,128.879058837891,144.741272589812,81.3668293253716,38.9707984924316,108.120964050293,114.323904
1991-11-01,143.633285522461,112.891151428223,99.0020751953125,80.0603572576654,84.0165966914044,142.008499145508,140.612365722656,118.981835
1991-12-01,59.7756233215332,137.794662475586,103.479682922363,182.438627500152,87.4867416312229,152.4228515625,171.010971069336,140.8488192
1992-01-01,67.2791366577148,127.425773620605,64.890869140625,153.837379207822,85.2857373833098,68.0664138793945,116.364852905273,118.3791022
1992-02-01,76.4619598388672,114.88916015625,73.6872787475586,117.311353022412,78.3838227820788,35.3237228393555,154.596923828125,124.9244648
1992-03-01,12.8434944152832,136.233810424805,68.8031845092773,86.1406168223691,77.1674351877883,35.2961196899414,96.8284225463867,121.1600328
1992-04-01,34.6215934753418,114.840965270996,86.3440933227539,138.351470348902,86.2848245135902,68.3915786743164,89.8542327880859,120.5393881
1992-05-01,16.7013530731201,73.9991912841797,112.586433410645,155.038444481462,81.6424975774206,46.310718536377,78.6804733276367,96.89199518
1992-06-01,81.7866744995117,101.019332885742,138.456176757812,172.234683730217,93.1189645969728,35.906909942627,122.293502807617,120.513313
1992-07-01,107.31517791748,74.151741027832,125.345932006836,110.86886937743,102.554648789919,65.8140258789062,119.613182067871,106.2114808
1992-08-01,89.9044570922852,64.9137344360352,90.8367462158203,88.4842538153153,119.139314298101,70.0749969482422,122.407119750977,140.5211668
1992-09-01,126.911270141602,205.459274291992,220.304077148438,174.402343224496,107.944850700658,67.2144241333008,141.443237304688,167.2189747
1992-10-01,82.9887313842773,254.353912353516,165.472900390625,107.816916484508,95.1588959563433,94.0991363525391,161.25422668457,134.6302888
1992-11-01,135.096374511719,132.293579101562,139.113311767578,57.6373764171555,97.4741394723332,115.837760925293,108.15007019043,117.2847885
1992-12-01,125.348167419434,112.21630859375,121.137977600098,204.729706418845,79.4239245629187,127.093017578125,87.8720932006836,123.6422448
1993-01-01,128.731552124023,102.592254638672,129.536987304688,93.6723827311582,70.6038405845881,78.6381225585938,83.4649810791016,128.6340262
1993-02-01,78.5081176757812,91.4481811523438,99.1498184204102,154.531045935886,82.0942796592469,62.4916687011719,106.976119995117,114.8884396
1993-03-01,123.476379394531,120.154670715332,142.020401000977,101.616541445167,79.9033063765379,50.9300117492676,109.796813964844,140.0947514
1993-04-01,76.8023300170898,89.4331588745117,129.257598876953,29.7507964382307,76.349946971211,51.7467651367188,89.651123046875,104.4606837
1993-05-01,113.688430786133,108.104721069336,163.310333251953,77.125295158564,73.0720886431982,35.0192718505859,133.505752563477,121.0914541
1993-06-01,56.7496490478516,86.6684875488281,119.878456115723,54.3984096676508,87.7328487623713,77.1845855712891,120.680061340332,126.6048949
1993-07-01,75.4272842407227,121.660675048828,114.905403137207,111.626051043785,88.2972153766092,68.0271453857422,106.502990722656,142.1429238
1993-08-01,91.9224700927734,109.615943908691,63.6919746398926,95.6256472375535,95.0279097986842,185.096130371094,115.576171875,124.6943571
1993-09-01,91.6465911865234,128.023132324219,88.6894302368164,52.2835108665954,97.5015604065999,74.0445556640625,116.027297973633,119.1969219
1993-10-01,99.8342056274414,124.169868469238,88.7453231811523,102.523613105835,89.8296203958485,64.3923034667969,78.8225173950195,114.6211422
1993-11-01,36.0548286437988,105.749633789062,126.645057678223,78.4252662998932,95.5000459273933,109.66512298584,89.2574996948242,113.8706485
1993-12-01,143.661758422852,92.6097259521484,105.483016967773,76.3676248335368,124.655221324858,49.1621742248535,77.2720184326172,129.0307043
1994-01-01,104.131103515625,76.5568542480469,109.182205200195,140.622229094536,109.883270975794,83.1453170776367,82.2928009033203,122.0100581
1994-02-01,158.276245117188,69.1122512817383,95.949089050293,79.5111094531036,97.4771420014172,61.2951545715332,96.1456527709961,121.3113533
1994-03-01,107.248054504395,140.494552612305,78.7513885498047,68.4757293463886,93.3066496990513,28.1335773468018,83.2268829345703,118.9405012
1994-04-01,110.323135375977,161.958251953125,74.1596832275391,119.9368865217,95.6771462551006,44.3980445861816,106.354446411133,113.8579132
1994-05-01,122.610816955566,115.258193969727,86.5576171875,95.0588024435047,92.5072465289631,45.7522239685059,94.5038833618164,105.9131861
1994-06-01,113.00463104248,186.314895629883,136.336349487305,124.504973726617,86.5895033318541,94.2495803833008,87.4688949584961,126.9722489
1994-07-01,75.2164535522461,132.991195678711,95.0013961791992,76.7445899934423,98.6524565550393,160.661346435547,75.4320526123047,195.8633631
1994-08-01,63.9779243469238,133.958953857422,115.109466552734,115.025139078005,65.8456360987373,90.0611190795898,88.9972991943359,138.7280899
1994-09-01,39.3695793151855,126.114120483398,77.2976455688477,98.143273977757,65.1783881161835,62.2471237182617,85.2935028076172,145.2097489
1994-10-01,47.8755035400391,88.6899719238281,148.322448730469,24.4202032136357,70.5106034139708,43.929859161377,61.6862258911133,118.9893829
1994-11-01,40.9106521606445,93.3871002197266,98.588752746582,88.913144957357,82.1340090727425,53.1311225891113,94.6872787475586,118.2013824
1994-12-01,41.5046653747559,101.599990844727,115.611312866211,101.15695699207,65.6241284934591,57.017692565918,94.76318359375,109.2500653
1995-01-01,58.1065330505371,194.271423339844,150.717956542969,54.0249652076898,68.0360412504981,86.1631164550781,122.406372070312,119.1841671
1995-02-01,60.6867332458496,126.451599121094,85.1271209716797,54.8194499901558,82.8098509450993,61.4193153381348,100.515556335449,115.548937
1995-03-01,47.9748382568359,162.719772338867,124.219146728516,71.7515268443867,123.983005856736,69.1010055541992,86.4861679077148,116.6212961
1995-04-01,65.0670394897461,128.561462402344,92.9881896972656,80.1106653871474,85.1860146792628,43.5045051574707,65.9955673217773,121.0018739
1995-05-01,12.6899862289429,96.1779861450195,91.0051803588867,22.5778544428694,110.220092266321,51.0729942321777,67.3016510009766,97.86114673
1995-06-01,24.8288497924805,102.167137145996,61.6678085327148,23.5435111536669,106.622156592128,42.1562423706055,75.8233871459961,116.2280982
1995-07-01,46.0429649353027,109.088417053223,60.2346725463867,24.2917786854743,104.64124993651,44.5690689086914,81.6529388427734,116.5325313
1995-08-01,41.377025604248,63.0297813415527,59.1633987426758,26.4509135020346,100.802143312407,34.543701171875,55.888011932373,119.7455053
1995-09-01,39.509105682373,135.643295288086,122.842636108398,67.5469497176573,100.404075401083,34.691822052002,70.3809127807617,119.2167682
1995-10-01,39.8148307800293,241.132247924805,133.4619140625,23.3008211604171,96.6956008440322,44.4003791809082,79.905517578125,123.4451123
1995-11-01,74.4533843994141,240.973785400391,93.4821243286133,129.613778870584,83.8481166211689,56.0838012695312,101.200119018555,113.3376009
1995-12-01,61.9341850280762,191.775115966797,128.461700439453,48.6113448093901,83.8527221389181,55.0882606506348,90.6706008911133,122.9833387
1996-01-01,39.8717918395996,212.953155517578,51.3209342956543,77.6987523751258,97.6563564104265,90.6486053466797,101.578224182129,134.1244013
1996-02-01,14.6301221847534,107.993209838867,98.0869750976562,25.1099253322907,100.858621195677,65.5183334350586,82.0213928222656,116.4723324
1996-03-01,67.8636856079102,202.920852661133,73.1959838867188,94.028183720254,90.2690085676514,55.3595924377441,76.6304626464844,102.6364505
1996-04-01,72.429801940918,118.078399658203,83.3541717529297,58.8914047011762,94.3203287326421,63.5925331115723,70.8810577392578,100.6213589
1996-05-01,62.9839172363281,122.142204284668,53.3855438232422,86.5029942306326,72.3943571105241,33.8221588134766,62.1096115112305,90.69548914
1996-06-01,70.7992095947266,118.058174133301,83.0648880004883,24.5471566730411,78.5361593601109,35.1960334777832,82.2429351806641,100.2159854
1996-07-01,49.002872467041,103.049301147461,81.5721435546875,23.4499711027308,73.1968529502507,39.5011215209961,69.6936721801758,126.3375772
1996-08-01,29.649341583252,125.922882080078,45.3301620483398,50.3209445025089,69.3184393873517,42.7560424804688,88.6474227905273,97.57188207
1996-09-01,18.5082778930664,97.3415145874023,81.5411376953125,101.738179632197,89.013937956722,45.2139854431152,78.9807662963867,102.665538
1996-10-01,91.7543411254883,184.987884521484,92.8728179931641,69.9638420025828,73.4324150932685,29.6941967010498,55.6702461242676,100.2399405
1996-11-01,66.437141418457,136.501693725586,76.703742980957,22.2772266892267,86.1247237375397,35.812614440918,74.3711929321289,94.24592042
1996-12-01,50.5094299316406,94.3547897338867,75.1955032348633,131.047359172224,69.9599805894512,65.2720108032227,67.1733474731445,102.3590138
1997-01-01,45.3484191894531,101.643379211426,88.7641296386719,73.9919401608278,98.4200200420585,96.7369995117188,75.4455108642578,117.0766931
1997-02-01,58.5973854064941,79.9273681640625,68.0046768188477,48.5336199547382,92.8576960540139,95.5431747436523,92.0861358642578,137.7194057
1997-03-01,52.2841987609863,127.804969787598,62.0729217529297,45.3920504511523,89.7417154501952,58.503791809082,70.4526901245117,114.15071
1997-04-01,56.6975364685059,66.1947937011719,93.8688507080078,66.5525751185562,85.3090385054652,42.1541213989258,71.1044311523438,105.0641599
1997-05-01,42.342414855957,108.816627502441,82.8998718261719,111.80813942425,87.0112347653803,22.886646270752,75.869499206543,99.74805371
1997-06-01,72.2565460205078,73.3361358642578,88.1498413085938,123.736424506082,91.1649740766244,48.3127136230469,84.4780349731445,91.41779813
1997-07-01,42.3884124755859,44.0363960266113,82.0587615966797,69.3548650294344,89.2435416875538,41.8829956054688,76.7061996459961,118.8774852
1997-08-01,38.2004089355469,61.2861289978027,32.7399864196777,25.0300610392088,106.615571778638,50.1714324951172,58.9150199890137,85.83911712
1997-09-01,72.2967147827148,55.5845642089844,66.5167465209961,44.3683834123708,126.47610004199,56.8471374511719,54.4143028259277,100.6375593
1997-10-01,38.8663101196289,68.9865417480469,59.296329498291,83.596021702309,123.515825481865,105.403274536133,92.929557800293,101.3017651
1997-11-01,123.921318054199,83.7852096557617,79.6098480224609,24.487747857767,207.723577444481,91.9685211181641,85.9828033447266,106.0545915
1997-12-01,127.456024169922,85.2606430053711,62.6827201843262,92.2823835664903,235.687354295965,150.546463012695,103.699523925781,97.0392339
1998-01-01,91.3159332275391,119.922416687012,51.94140625,112.733546350724,211.376583568283,85.9844055175781,107.953758239746,118.109067
1998-02-01,53.304012298584,119.860557556152,55.6411247253418,67.5827570489325,165.058350425074,62.0588455200195,101.149467468262,99.81307438
1998-03-01,53.7260398864746,88.2199630737305,32.8284034729004,63.1129271767853,190.719079916212,41.5384521484375,83.3476181030273,95.30582681
1998-04-01,37.6626815795898,79.1626663208008,100.126686096191,84.7547619313298,182.946717379035,49.4990921020508,74.4572830200195,108.5122798
1998-05-01,43.406177520752,107.926094055176,59.0274047851562,38.7702195350504,179.444498860501,50.5726089477539,80.1271514892578,103.0714915
1998-06-01,92.3095474243164,102.990394592285,52.636962890625,65.4187771434249,181.829060575078,63.4705467224121,80.8877334594727,98.40231469
1998-07-01,40.2170028686523,112.556953430176,52.4616203308105,63.2695349365292,213.131115600556,54.4978485107422,101.418518066406,115.3926953
1998-08-01,114.55647277832,168.674774169922,26.0546989440918,49.0546434634293,225.293849719208,88.1875228881836,130.467041015625,144.2645044
1998-09-01,170.300811767578,142.734420776367,95.31884765625,135.467126657216,186.629182544683,140.454132080078,169.03727722168,142.2921204
1998-10-01,71.3644943237305,195.251434326172,59.1408309936523,41.9258461250679,195.925363827138,118.568222045898,145.023239135742,123.6959908
1998-11-01,110.05086517334,152.683074951172,62.611572265625,106.431671088882,128.213658024471,89.1589889526367,113.504745483398,99.21585128
1998-12-01,98.4001083374023,112.93669128418,66.0553665161133,70.2104377668831,127.168526765495,94.9159469604492,110.894981384277,94.42723528
1999-01-01,189.158584594727,101.688606262207,83.0764312744141,46.1762877674332,117.16545355205,81.9273910522461,123.322845458984,103.7335108
1999-02-01,128.017074584961,67.5676498413086,42.2516326904297,89.8151487527608,116.666147359924,59.3164749145508,94.9962844848633,97.73988163
1999-03-01,75.837776184082,30.0970573425293,49.7475204467773,20.5453672560282,105.798770319805,39.1240158081055,67.0275726318359,89.86271654
1999-04-01,65.8096389770508,45.1211814880371,55.28369140625,58.7124034710815,96.0319963325381,52.5069351196289,69.7878952026367,87.56561255
1999-05-01,52.7237930297852,57.5239601135254,24.7851123809814,39.2210776487021,124.121373018881,60.5960350036621,64.7764587402344,90.97799456
1999-06-01,71.0073471069336,67.0410003662109,32.2348823547363,41.9093073297522,97.0074882006913,33.701847076416,74.9256286621094,107.9751329
1999-07-01,80.2437744140625,65.480110168457,20.7917289733887,81.122530557161,93.9526115039391,57.671199798584,86.5299377441406,132.2880234
1999-08-01,35.2566528320312,30.9612827301025,11.2873115539551,70.1795182743071,84.6529010401842,29.6611862182617,77.0253295898438,100.3786411
1999-09-01,62.9444046020508,62.3143692016602,28.0357036590576,19.9943717099693,91.7256637715448,52.5041770935059,77.4983444213867,92.13588282
1999-10-01,96.9404602050781,44.7009468078613,27.94557762146,97.2449373738416,93.0357314249262,75.1354598999023,65.3370819091797,91.34620242
1999-11-01,52.2841987609863,51.0879936218262,49.8372268676758,58.2509882560113,83.9513279486041,48.5827102661133,76.3171844482422,85.92704023
1999-12-01,49.519832611084,60.9864540100098,33.2702751159668,110.322008391404,90.0915464349919,22.4274463653564,79.3224258422852,86.67847251
2000-01-01,54.603199005127,46.928108215332,18.4513359069824,69.7800289529865,78.1220410385141,55.0923538208008,88.9886932373047,94.84992255
2000-02-01,41.2639846801758,45.7228355407715,33.2251396179199,43.4075971730018,78.6276681349818,33.0202560424805,73.3651962280273,80.97971805
2000-03-01,73.6072540283203,39.3226661682129,42.4026641845703,94.2429646774789,79.7455726119973,33.1046409606934,73.2986221313477,80.28338222
2000-04-01,96.3490600585938,53.1744651794434,16.5928344726562,60.0339578532239,103.12970119324,74.568229675293,70.5997467041016,79.57239536
2000-05-01,189.968521118164,54.207691192627,55.3730545043945,72.7173813011102,86.3430607588262,126.798065185547,118.143211364746,78.59933178
2000-06-01,106.872650146484,45.0495109558105,35.0702896118164,57.9175508345931,150.857899866514,115.864456176758,109.584228515625,78.81714765
2000-07-01,54.1172485351562,40.8401641845703,40.5387649536133,41.3264977461527,96.2179017206809,58.3434410095215,86.6583557128906,81.51877844
2000-08-01,99.4903335571289,55.0539093017578,23.9230308532715,45.7094090915013,81.647415519799,44.8822555541992,58.9064598083496,66.88322852
2000-09-01,103.932739257812,45.2604637145996,40.6897048950195,38.9836140100622,63.0315795986253,121.424224853516,73.5509948730469,70.38968024
2000-10-01,113.862281799316,58.5730819702148,52.0138702392578,60.0565822956031,74.4097753203603,66.0167541503906,89.9134521484375,68.2013042
2000-11-01,73.1244430541992,90.431282043457,50.2476959228516,56.500670491538,93.5542697342058,232.67008972168,166.184051513672,66.61735967
2000-12-01,85.9912643432617,65.8318481445312,42.7117309570312,71.8728790715449,115.145713968897,140.281600952148,149.448516845703,67.80475208
2001-01-01,81.4923477172852,99.1381912231445,35.2522239685059,42.6367388706419,118.737775629219,122.68970489502,142.614120483398,79.88509915
2001-02-01,96.2292022705078,77.2869110107422,40.8090896606445,66.0354878779169,148.579399476762,90.7386474609375,128.625640869141,67.59015563
2001-03-01,70.2160797119141,128.283126831055,53.7391204833984,37.8651319899927,171.743228370831,84.3691864013672,137.374176025391,77.50194489
2001-04-01,112.879081726074,108.592224121094,48.0755195617676,41.9258461250679,152.532314504673,105.838569641113,148.758010864258,76.0885934
2001-05-01,61.9654769897461,106.475357055664,50.0675621032715,53.6385530533096,101.444947410044,93.2416152954102,117.436256408691,63.28309659
2001-06-01,81.8914260864258,50.3675651550293,40.9166107177734,81.339913163688,101.855721140661,75.5719757080078,93.4612350463867,76.74990235
2001-07-01,121.693176269531,83.3113632202148,74.3938369750977,64.7871292291424,147.244007954942,113.560256958008,120.294593811035,93.47947936
2001-08-01,146.829330444336,73.9986801147461,39.0370445251465,43.3854391346287,125.792565390709,159.741470336914,95.3999710083008,80.20389507
2001-09-01,136.997268676758,194.678298950195,133.800247192383,46.9258366081811,123.991604013306,183.462203979492,272.764495849609,100.5389728
2001-10-01,145.024230957031,215.941513061523,142.716217041016,60.8418979178707,104.74556071618,168.934432983398,247.294281005859,99.16783943
2001-11-01,88.7856903076172,183.884780883789,77.6100234985352,102.350765010522,97.5852577339458,122.699462890625,172.488830566406,76.80017821
2001-12-01,133.191802978516,119.717163085938,53.6543998718262,181.673545515196,115.895068678014,111.505332946777,149.708938598633,83.50425401
2002-01-01,97.4701919555664,122.817710876465,82.9891357421875,141.464838989244,117.400972595219,136.21501159668,148.449737548828,97.76842489
2002-02-01,78.3807373046875,84.7372055053711,56.4970359802246,69.2794874997861,142.89359221551,59.0170249938965,104.609436035156,85.42672969
2002-03-01,100.647163391113,89.6325149536133,96.0106735229492,85.1965469774835,96.0010093984884,62.528923034668,97.5129928588867,80.874681
2002-04-01,100.327476501465,82.182746887207,100.060852050781,63.8462103851694,83.8719197432235,75.5360107421875,106.164649963379,85.05694075
2002-05-01,139.579483032227,70.7248611450195,102.208473205566,122.220413092806,92.4955221529936,104.50341796875,98.6400299072266,84.62329368
2002-06-01,163.809600830078,92.4893646240234,113.781120300293,121.264803197035,100.912662344485,79.9536972045898,111.149948120117,83.77785442
2002-07-01,107.624969482422,94.110725402832,129.776611328125,46.0412108693053,92.4004062823359,70.1195373535156,139.6611328125,95.44371742
2002-08-01,172.394119262695,120.202041625977,132.480499267578,113.979287716899,114.160878736127,88.3677368164062,136.119064331055,96.60983708
2002-09-01,154.325134277344,119.032012939453,192.174667358398,115.604019674561,119.472853612719,136.937408447266,149.848190307617,88.47225648
2002-10-01,128.657272338867,167.83219909668,160.029067993164,108.231554687166,150.704901368435,195.05339050293,128.973617553711,94.40570203
2002-11-01,112.787490844727,137.456024169922,143.57958984375,109.278023123763,116.940872298905,142.3193359375,162.221405029297,81.64803647
2002-12-01,128.034561157227,94.8682403564453,108.724281311035,107.448894139997,103.542966314996,162.255844116211,160.411331176758,80.23159979
2003-01-01,88.1509246826172,162.846755981445,196.791397094727,172.108460672635,93.2860912539092,224.403350830078,185.591613769531,91.33283034
2003-02-01,120.281044006348,175.136138916016,210.705688476562,164.622171237732,96.2801705246344,298.801483154297,161.759765625,102.7573417
2003-03-01,133.688720703125,195.872436523438,227.444229125977,90.5230325537731,122.880677769957,319.003784179688,224.647201538086,111.3861972
2003-04-01,96.7919311523438,138.478271484375,163.988296508789,134.198013575901,115.454379113194,208.063552856445,176.579849243164,86.85570821
2003-05-01,85.2305297851562,125.342468261719,112.244773864746,102.193241709236,132.949496568282,141.16862487793,122.30982208252,82.33169116
2003-06-01,56.8783302307129,98.4730224609375,110.513191223145,91.7246657292657,109.982722752362,155.376525878906,110.69554901123,88.98305927
2003-07-01,89.6153793334961,76.9955368041992,90.5046768188477,93.0807964787401,82.6458424150828,109.27848815918,103.748245239258,104.1298003
2003-08-01,136.322525024414,61.8998947143555,30.6203689575195,72.6179727142324,65.9543224972942,94.9653778076172,91.7141723632812,89.05272235
2003-09-01,54.8719596862793,71.9583740234375,95.0857315063477,88.5426349252397,88.3802647714593,77.5546798706055,109.553955078125,74.63010637
2003-10-01,125.542259216309,85.7925262451172,80.0488357543945,101.957863801269,100.70274975123,153.171203613281,78.5859832763672,73.39775468
2003-11-01,223.958435058594,82.7316131591797,78.8321838378906,90.5133921882189,84.5546734637121,111.307083129883,78.6960906982422,67.25315652
2003-12-01,84.5981216430664,55.9457550048828,75.7065277099609,97.7819549755379,65.1549264593476,96.7812805175781,90.3435974121094,65.6528371
2004-01-01,134.207305908203,56.3982162475586,76.2637023925781,72.6510786967782,70.7445796278706,145.821533203125,88.277587890625,75.28810144
2004-02-01,255.60139465332,77.5668640136719,51.8210792541504,49.1624683391587,63.3003770853037,77.0614852905273,88.901481628418,77.08092607
2004-03-01,89.1852264404297,68.0352172851562,156.44856262207,61.6659151093675,66.9552644018903,180.116394042969,84.3309020996094,75.4156344
2004-04-01,110.461883544922,55.9721260070801,169.841125488281,63.8334232410907,74.4096802943531,141.320571899414,79.7269134521484,88.0851172
2004-05-01,125.354049682617,80.0957794189453,170.883026123047,41.3104283390384,76.3933276704752,205.358947753906,97.2080307006836,69.42848687
2004-06-01,136.056793212891,71.941535949707,128.391754150391,41.9051746695284,82.8902690972913,95.5827331542969,85.2744827270508,71.20591948
2004-07-01,52.6270027160645,60.7238502502441,99.1859588623047,113.67439982979,79.496666777551,103.641403198242,88.9564971923828,75.29735789
2004-08-01,61.805419921875,72.1705703735352,99.5249862670898,82.3885956424365,68.3347423048027,132.951263427734,84.4498672485352,87.34436214
2004-09-01,103.223640441895,73.8944854736328,143.289749145508,23.98737730434,64.9316654261782,120.337036132812,108.509582519531,71.53098283
2004-10-01,137.254959106445,62.5463829040527,122.154663085938,111.59673747996,64.9730154330246,137.298522949219,118.341445922852,68.69717418
2004-11-01,138.593978881836,89.4120025634766,195.93342590332,115.894070122092,69.5287229019209,145.226516723633,96.6957702636719,73.3630937
2004-12-01,46.2579002380371,47.2632789611816,110.084121704102,54.6924551253137,78.1126570116988,93.9343338012695,66.5328750610352,71.49053938
2005-01-01,120.570701599121,45.8558197021484,65.6203460693359,25.8052208114943,52.1547162560784,107.983818054199,66.7343368530273,61.95293319
2005-02-01,96.1047668457031,40.4401321411133,90.6636810302734,127.784573106714,69.9448480469634,49.7583122253418,51.695686340332,59.62589323
2005-03-01,133.311248779297,43.2698287963867,107.570625305176,22.9658655600782,49.284506080669,59.1879768371582,49.3086357116699,58.99064003
2005-04-01,118.148483276367,90.7381286621094,117.046562194824,89.2024299587926,70.4679235222387,47.2057418823242,78.395866394043,71.491205
2005-05-01,136.540786743164,96.5050048828125,149.058258056641,80.5741587991216,70.6534890091426,68.5876617431641,75.0907745361328,71.81225804
2005-06-01,136.442489624023,61.1297454833984,117.748420715332,71.9458876394505,66.3065657948815,50.8740463256836,82.0055847167969,68.57465166
2005-07-01,88.5412826538086,59.3229866027832,101.271514892578,50.7839837862916,59.9981528701674,74.2323226928711,71.9395446777344,71.79633705
2005-08-01,155.483306884766,54.6592788696289,85.0170059204102,54.2317989182858,91.5149455887762,50.9499320983887,59.6172332763672,76.33384356
2005-09-01,90.6968383789062,72.603630065918,156.948577880859,118.492186126391,67.0347455654394,86.6498565673828,105.769859313965,58.25895535
2005-10-01,61.169563293457,80.4852294921875,62.8237686157227,25.2591759583742,65.8641281017831,86.6093063354492,79.8299942016602,61.44609497
2005-11-01,152.598297119141,81.4758529663086,85.1908645629883,124.694946104369,80.9983205464549,62.466236114502,60.0678520202637,65.08254931
2005-12-01,153.885559082031,49.7194747924805,53.4696388244629,81.8175541632052,67.0137989307291,79.1699981689453,70.0267562866211,57.2362902
2006-01-01,140.052169799805,70.6340637207031,78.6029510498047,100.285634530664,68.42026887773,76.6704864501953,75.0792388916016,86.24548889
2006-02-01,41.4429473876953,81.580207824707,55.2908668518066,74.3544342103735,56.5180610720929,82.1327819824219,69.4917449951172,78.1879327
2006-03-01,126.205505371094,61.4633293151855,68.9437103271484,65.6208116620889,72.4164612453975,63.8493347167969,55.0080757141113,63.76049365
2006-04-01,80.2667007446289,61.7146034240723,103.314010620117,124.885499095947,71.6154941080893,85.3631744384766,81.6517181396484,58.05703188
2006-05-01,95.0802001953125,61.2588653564453,88.3564910888672,23.8126401615873,66.0197256339841,84.9629821777344,67.8097915649414,74.89321156
2006-06-01,142.316848754883,61.303596496582,96.5804214477539,68.2484544417057,69.2872111286382,111.203155517578,82.5862808227539,66.1666264
2006-07-01,75.0436630249023,58.8219566345215,84.715461730957,49.8896896364977,68.9151913118342,94.9989700317383,84.4744567871094,110.7244168
2006-08-01,82.9475708007812,55.0061836242676,47.2674331665039,78.5605822634375,48.3707997114606,64.3867492675781,71.5150985717773,90.73189261
2006-09-01,101.040664672852,59.1638717651367,58.6093673706055,50.1309869439292,62.6124320088647,70.3774719238281,61.7513465881348,83.77353011
2006-10-01,113.524978637695,54.6414260864258,102.579254150391,46.6938112651014,62.71291315157,140.808380126953,55.629508972168,86.27015453
2006-11-01,84.5838623046875,80.3029022216797,45.5282402038574,87.9305494507403,66.5304664120826,108.077262878418,49.5991287231445,71.60770537
2006-12-01,78.5081176757812,44.7512588500977,65.2580642700195,129.167287636379,65.9922103143166,106.058166503906,51.0390396118164,80.71162487
2007-01-01,149.840774536133,53.3928298950195,100.064414978027,24.0688930858455,75.1706191912718,134.791610717773,74.5100250244141,54.65678776
2007-02-01,91.7124099731445,69.1999359130859,110.791648864746,23.7779977799736,73.1849385854584,66.3350830078125,50.8600196838379,74.65096758
2007-03-01,86.2860107421875,74.0841979980469,69.78369140625,82.0466022441718,79.9487664186739,79.7351608276367,72.5298614501953,78.02769869
2007-04-01,105.503028869629,52.7989044189453,79.7294082641602,72.1249790094514,76.1352488385276,78.8078689575195,59.8413887023926,76.89896724
2007-05-01,97.5768356323242,70.1159286499023,110.597625732422,68.2557623391725,67.411637087704,69.2403259277344,71.137321472168,74.38268742
2007-06-01,84.200553894043,51.593189239502,74.188591003418,91.6554246357571,65.324291331594,74.0907516479492,68.7592391967773,62.53455497
2007-07-01,55.860466003418,50.6594505310059,48.6517295837402,50.4643600906885,86.4736660915414,37.3065872192383,44.7827529907227,69.0162486
2007-08-01,181.673599243164,60.7907638549805,151.145294189453,48.9754957155339,98.3395962059602,80.5930709838867,90.0072937011719,87.47700651
2007-09-01,127.358947753906,75.6923828125,267.546081542969,90.9979392556077,87.0918281534653,79.5758209228516,109.892654418945,71.29582171
2007-10-01,81.9717102050781,72.2829055786133,147.158187866211,115.70474197443,89.400241343428,57.7441368103027,90.6400680541992,53.73406929
2007-11-01,111.005790710449,82.8408203125,113.974067687988,166.42736009096,85.096508595029,91.9886245727539,106.566162109375,55.8435759
2007-12-01,189.976272583008,97.9131240844727,120.65788269043,145.355170448655,93.3038711956237,140.624450683594,116.990898132324,62.28190093
2008-01-01,224.399215698242,112.486763000488,224.440460205078,100.735183027291,128.44417981023,135.080993652344,177.042205810547,105.3682529
2008-02-01,175.408004760742,132.206893920898,144.977142333984,56.1151956059273,108.580970384995,95.5958099365234,108.314735412598,89.46371941
2008-03-01,151.296356201172,104.619911193848,191.327224731445,141.27672085229,154.835299677117,87.9445266723633,114.474571228027,79.30984464
2008-04-01,123.320274353027,102.561820983887,120.201202392578,132.303977684834,104.08240052141,74.0950622558594,98.1977081298828,93.68800825
2008-05-01,76.7779083251953,82.2161865234375,73.1194229125977,105.564481399962,90.980153416451,89.2149276733398,88.6734313964844,72.10124196
2008-06-01,82.6345520019531,76.6459121704102,108.195289611816,70.0099466760606,95.937109524918,125.87109375,89.1368789672852,77.45795076
2008-07-01,58.2366180419922,70.8818969726562,87.5226287841797,168.329709951664,102.563182989481,126.503623962402,115.102722167969,93.69370378
2008-08-01,109.438674926758,100.204872131348,107.716178894043,99.8614443246828,109.202424298697,110.481140136719,81.1630859375,95.08484613
2008-09-01,261.732147216797,184.167510986328,206.843978881836,165.078947517526,146.853815938116,261.629913330078,238.171875,105.7871318
2008-10-01,303.30078125,360.295654296875,272.48974609375,158.06177652847,240.223771551237,209.300384521484,241.772277832031,123.2354429
2008-11-01,201.230209350586,267.135772705078,170.810409545898,168.960731243088,130.666075047132,207.479461669922,162.71337890625,102.7213056
2008-12-01,320.688720703125,268.986022949219,217.359786987305,164.862424540419,149.431922536314,165.29475402832,157.828674316406,91.78415833
2009-01-01,123.762580871582,250.74299621582,216.799957275391,185.618534523014,130.845890624831,201.634460449219,184.817825317383,87.76860225
2009-02-01,240.21484375,193.669570922852,163.95768737793,133.049585574104,171.600652831835,157.929916381836,202.547958374023,100.4463807
2009-03-01,206.92626953125,166.987503051758,125.644554138184,114.375017177685,129.638763517541,120.704803466797,167.991226196289,90.01631274
2009-04-01,142.127853393555,136.462432861328,126.077453613281,163.467255926537,119.887535336389,111.492767333984,107.927253723145,89.54349872
2009-05-01,163.943420410156,120.577239990234,117.11368560791,51.0892493776975,118.131280773222,143.117218017578,125.944625854492,72.10924981
2009-06-01,125.388229370117,91.7610855102539,111.880325317383,177.68024335598,120.645303586831,174.229110717773,112.472640991211,85.25739414
2009-07-01,158.043609619141,91.2755737304688,108.00830078125,103.775427673672,137.311896488268,206.663711547852,104.355110168457,97.57139792
2009-08-01,97.7908172607422,96.6585235595703,98.0460891723633,54.9968132941229,148.046897010909,103.187683105469,111.174339294434,71.73111799
2009-09-01,109.653961181641,93.413200378418,118.882568359375,158.409683023243,124.57512432523,128.322631835938,99.009635925293,75.82399267
2009-10-01,49.1108055114746,110.390663146973,124.047821044922,77.0320923849585,110.92933296219,115.091789245605,86.2417526245117,65.80657012
2009-11-01,82.6469345092773,127.592697143555,213.290100097656,153.348865590245,112.009026177995,150.372817993164,99.7792663574219,70.19594536
2009-12-01,77.7552108764648,102.308074951172,140.359451293945,152.271884880209,129.783728472155,152.253479003906,108.396095275879,85.08738374
2010-01-01,165.157821655273,118.834686279297,147.080368041992,121.417250378197,109.957103760686,170.978851318359,136.863861083984,81.35311636
2010-02-01,196.011489868164,97.1226959228516,171.117477416992,178.031158912312,105.653690809602,142.292617797852,116.721549987793,78.348378
2010-03-01,105.370071411133,141.965850830078,169.569213867188,161.807479244963,82.5178731588231,114.657920837402,124.6875,68.50535566
2010-04-01,55.7407646179199,103.856323242188,152.007369995117,196.066611802387,112.811105297129,138.257064819336,123.702201843262,74.82032805
2010-05-01,110.477195739746,143.360717773438,368.228454589844,139.148780721574,184.259234982995,147.45671081543,147.763244628906,118.1579874
2010-06-01,52.2569694519043,139.382064819336,135.458862304688,141.48367836053,204.836944175721,152.005661010742,129.732192993164,99.85671746
2010-07-01,70.367057800293,153.935211181641,187.116806030273,170.598304425407,143.96240879197,119.207542419434,196.947235107422,104.8464333
2010-08-01,84.7124099731445,144.828979492188,170.778106689453,126.62704896415,146.918238153433,140.946655273438,127.228172302246,94.87877819
2010-09-01,84.3395385742188,202.231018066406,214.526428222656,120.368326391074,125.36086487448,170.067504882812,186.741226196289,94.1082804
2010-10-01,22.2963066101074,211.829315185547,309.010894775391,143.58709836589,97.2006566406711,165.472640991211,154.762756347656,82.06398691
2010-11-01,88.0117340087891,182.556091308594,152.438003540039,87.4404066509646,109.636819279191,167.07209777832,175.04426574707,95.12036344
2010-12-01,78.5772933959961,142.254257202148,311.908020019531,196.04507596049,107.839999277203,156.279190063477,151.553344726562,77.45531509
2011-01-01,26.8630199432373,128.367401123047,162.46418762207,155.640337065517,108.050662261046,137.054046630859,111.492813110352,79.16856235
2011-02-01,111.605537414551,180.776657104492,210.011184692383,93.4663584289636,105.203106114548,90.9056167602539,104.562362670898,85.64691926
2011-03-01,173.91813659668,172.458541870117,271.074127197266,175.772939331458,108.506477286399,164.497421264648,153.841720581055,98.05778961
2011-04-01,170.583801269531,142.331878662109,241.787948608398,181.348666994461,119.234457284428,104.016899108887,124.846580505371,93.70730783
2011-05-01,79.1210327148438,171.893112182617,164.033645629883,152.446684001897,118.978373240722,96.7341384887695,84.5491638183594,62.16916662
2011-06-01,107.711624145508,161.538238525391,228.378204345703,95.0269177825778,119.360421350531,129.989883422852,139.037902832031,106.8561414
2011-07-01,123.593711853027,203.418884277344,211.364013671875,62.5033646600512,148.312084803754,134.779846191406,207.160308837891,144.5859361
2011-08-01,205.837387084961,337.307312011719,256.708343505859,130.156317403886,234.237954335499,219.38117980957,283.665588378906,156.7298215
2011-09-01,190.213287353516,280.670288085938,312.253448486328,121.660571521239,150.085160732668,248.318588256836,214.42610168457,125.521689
2011-10-01,116.612480163574,300.833557128906,298.852111816406,210.46573045605,164.37549402932,187.101425170898,137.839248657227,106.1911532
2011-11-01,146.258575439453,399.846252441406,361.369873046875,124.457571042228,157.993618094452,221.163070678711,143.714553833008,112.658545
2011-12-01,154.299697875977,309.374908447266,283.251403808594,231.892939995776,137.132976742027,270.365020751953,183.088623046875,96.68015571
2012-01-01,130.605972290039,235.516418457031,289.397766113281,165.844667625542,137.972518529467,254.889404296875,154.418029785156,74.66651295
2012-02-01,96.6044464111328,184.259552001953,299.149627685547,126.872779914521,133.598719720839,114.401237487793,119.435432434082,101.0075517
2012-03-01,175.364196777344,187.779708862305,219.13883972168,142.699924890426,114.410926671241,111.184593200684,98.7481079101562,74.17799674
2012-04-01,66.5065078735352,173.859832763672,330.945526123047,196.649873356635,141.125381589787,122.195983886719,96.9696731567383,94.29543113
2012-05-01,156.205688476562,258.172485351562,313.973663330078,179.232550115431,145.928007618352,174.752380371094,135.879837036133,113.3613379
2012-06-01,176.116165161133,249.106414794922,380.179168701172,119.909812732418,175.161021320046,207.792984008789,197.460968017578,114.2225398
2012-07-01,141.010864257812,187.671646118164,241.557540893555,219.213163910524,99.6606050733633,152.126647949219,180.80354309082,123.8365079
2012-08-01,99.7425994873047,177.266296386719,144.79931640625,127.119466444418,97.6929240392107,131.957794189453,142.955291748047,91.95624142
2012-09-01,85.041389465332,211.172485351562,243.709518432617,130.056733381389,104.381049229085,160.979125976562,182.107192993164,99.57802619
2012-10-01,104.049423217773,218.480590820312,284.008850097656,148.649914762728,117.528275243704,175.732345581055,166.128402709961,82.46964768
2012-11-01,102.348861694336,382.539215087891,332.820861816406,130.576240996678,126.923172090108,188.558746337891,205.864669799805,102.2030606
2012-12-01,76.7661666870117,238.725708007812,270.131530761719,116.576548003938,140.967293185352,164.728424072266,214.951950073242,108.8973922
2013-01-01,164.346237182617,223.526611328125,318.239044189453,180.067956069359,96.0906305922184,192.952423095703,199.358947753906,107.4731204
2013-02-01,69.9382247924805,174.392715454102,242.876022338867,174.50738186748,104.883113556965,164.423141479492,128.5625,82.17815681
2013-03-01,205.754501342773,258.241668701172,259.255096435547,100.495122889095,125.230194092478,125.92017364502,146.115844726562,97.00481412
2013-04-01,130.496765136719,206.530899047852,300.531158447266,106.577589781898,97.5182394682411,134.631790161133,135.440582275391,101.0923693
2013-05-01,145.158233642578,220.810409545898,256.808410644531,167.8093414641,94.4346362945044,109.642761230469,109.028038024902,97.90918761
2013-06-01,131.464065551758,143.973724365234,293.785064697266,178.046076891104,112.930349360393,149.05046081543,126.625854492188,95.36513398
2013-07-01,162.39811706543,135.839920043945,215.330307006836,206.458482424464,122.347958709003,116.505325317383,91.4374847412109,107.3510159
2013-08-01,187.288970947266,143.076065063477,143.930374145508,133.90905193751,82.526637955723,98.1282577514648,108.758369445801,81.39985707
2013-09-01,126.58081817627,133.109436035156,244.413940429688,135.230032243019,100.297822372572,122.006774902344,179.889724731445,102.3390661
2013-10-01,108.803291320801,264.022796630859,287.169647216797,160.532024903176,106.543719058815,143.52815246582,225.373306274414,93.27239617
2013-11-01,106.088691711426,135.224975585938,185.959396362305,120.573237714197,69.5410830310275,84.7237091064453,89.915168762207,85.97449573
2013-12-01,116.346946716309,132.983703613281,223.970886230469,223.19347495992,88.0549309959304,125.797714233398,115.02074432373,100.3721376
2014-01-01,136.647430419922,132.787445068359,221.413787841797,66.1005407254142,100.359976025655,105.641128540039,107.705139160156,108.4015776
2014-02-01,170.015411376953,165.511901855469,139.969085693359,132.758630529112,125.661950893611,80.7980728149414,93.3692855834961,110.8505321
2014-03-01,251.17155456543,199.524169921875,221.996139526367,152.885442626165,108.943121736373,55.9007301330566,101.018730163574,93.64988254
2014-04-01,150.523590087891,123.925811767578,175.991455078125,96.0434781505999,111.497946417999,65.9555358886719,96.9934310913086,108.020223
2014-05-01,97.1709060668945,126.084121704102,188.429229736328,118.307454433098,84.8940052294707,66.6589660644531,102.015045166016,88.4928159
2014-06-01,76.9501495361328,111.176399230957,159.183700561523,96.3483319959994,62.1957987084399,70.2841186523438,85.9684677124023,85.73344942
2014-07-01,114.607177734375,143.092178344727,148.742202758789,128.756363073379,74.79230009431,92.3905792236328,78.5060043334961,108.8742664
2014-08-01,168.432907104492,155.509323120117,132.217178344727,141.818914174433,73.5731753665633,79.6597747802734,63.8773345947266,127.6632753
2014-09-01,198.719299316406,140.344604492188,242.485748291016,161.976054399942,91.6791276678397,64.4834289550781,86.2165908813477,126.5469373
2014-10-01,91.7543411254883,159.835754394531,208.566772460938,62.5493636037221,105.989193789981,88.1338729858398,113.334579467773,118.5385441
2014-11-01,142.014694213867,216.450836181641,195.188903808594,132.675734100433,108.733317423907,104.910598754883,93.1859512329102,100.014038
2014-12-01,185.609222412109,147.4951171875,261.025756835938,112.941276485743,105.867984510334,107.761360168457,87.4153213500977,111.0270519
2015-01-01,193.993377685547,286.051513671875,178.698715209961,132.510251426158,91.4929389714319,165.815795898438,120.544227600098,107.9964638
2015-02-01,302.938934326172,240.589416503906,238.4951171875,34.0077125739187,74.3080719210434,125.876266479492,87.6094665527344,99.97752684
2015-03-01,317.268341064453,131.635894775391,174.197570800781,233.201837117107,78.0705317100187,97.9857788085938,95.9789657592773,85.07596304
2015-04-01,211.516296386719,177.3994140625,211.134918212891,204.833086274271,80.9791826040101,76.9811630249023,103.544952392578,106.0394803
2015-05-01,146.365249633789,213.998153686523,197.798568725586,100.463445939406,88.2824295213311,87.5224151611328,102.318702697754,92.59688317
2015-06-01,101.231811523438,174.027816772461,303.527740478516,138.898635830589,83.302279631551,130.553771972656,115.88028717041,107.5227946
2015-07-01,182.970855712891,179.121307373047,314.760345458984,170.858948345002,99.414009422503,126.272621154785,98.7347869873047,129.7831539
2015-08-01,291.772827148438,176.80305480957,171.739456176758,112.58222615428,111.69512784976,144.347076416016,156.503616333008,113.9301027
2015-09-01,457.099670410156,205.356643676758,263.030181884766,69.6656354628996,122.113796610552,190.670944213867,171.932678222656,99.5371197
2015-10-01,297.051116943359,199.571395874023,231.933685302734,64.7805451712939,115.814186136247,126.641403198242,110.701927185059,103.8724264
2015-11-01,164.98323059082,142.000747680664,200.975875854492,140.366763443002,92.5136054304617,94.2508010864258,89.5836944580078,90.57217833
2015-12-01,330.609527587891,128.380416870117,206.394866943359,75.8316160463397,96.3417883241092,172.044998168945,101.963432312012,105.4669435
2016-01-01,306.689239501953,156.003540039062,241.424530029297,68.4646973294164,134.390263448401,181.939767789866,154.857315063477,110.849344
2016-02-01,224.24446105957,186.643173217773,324.046539306641,182.605868134964,173.542038618685,166.595524429736,148.32177734375,116.2317444
2016-03-01,420.958923339844,218.515258789062,253.68586730957,214.013954838184,141.862823025933,112.434808845182,130.490158081055,93.97053029
2016-04-01,473.525909423828,156.833572387695,216.330291748047,137.261103463723,133.461936368658,100.996025787932,96.4134140014648,104.6926516
2016-05-01,221.303283691406,151.523864746094,241.115676879883,216.338219747338,159.336167206051,103.921440066234,96.2223358154297,111.2174803
2016-06-01,294.479522705078,276.668914794922,444.341979980469,218.826146407666,206.931311610634,274.809119515401,233.956115722656,136.1197603
2016-07-01,326.6337890625,260.125122070312,410.007415771484,227.616698620079,212.738886290958,214.107525305445,164.458389282227,112.2347552
2016-08-01,251.68473815918,237.581024169922,178.720291137695,235.696270839538,112.044592937601,101.311640660205,106.885627746582,91.21630737
2016-09-01,250.024551391602,164.455764770508,291.673004150391,185.9314938764,114.153219782961,123.548983544813,86.3435287475586,103.7796425
2016-10-01,149.366241455078,243.580917358398,256.623626708984,111.383458606649,94.7295559149769,122.171247343542,108.064125061035,100.4713782
2016-11-01,365.753082275391,442.371429443359,448.595092773438,263.579227080215,140.460090782873,387.97082185733,254.101318359375,126.0715626
2016-12-01,422.524780273438,298.574645996094,408.267547607422,262.973404952909,141.296277452674,375.906974490773,161.424774169922,88.91453478
2017-01-01,330.928466796875,338.155456542969,462.965606689453,162.541603520329,144.221968146755,391.798399614048,195.040634155273,134.3558552
2017-02-01,371.605133056641,257.489135742188,379.425964355469,81.9288649323118,124.100229090076,299.674846984306,177.777709960938,131.4163628
2017-03-01,676.955017089844,262.149353027344,521.564147949219,148.200530916792,125.994099200539,220.402162455741,154.609680175781,90.07738094
2017-04-01,550.168579101562,199.662231445312,574.633178710938,241.274615293661,101.794513899234,165.396951408934,157.676544189453,94.5500365681551
2017-05-01,407.859252929688,262.127563476562,288.260437011719,225.16691402538,101.471542556191,118.962015972126,129.888061523438,96.3601986302197
2017-06-01,230.970016479492,206.440933227539,308.565307617188,197.80535393963,87.8652448373049,118.950759364659,120.638465881348,80.924213646773
2017-07-01,267.199401855469,233.183090209961,176.469543457031,237.853557315616,77.7515702325552,97.3110229151581,141.138320922852,116.464470027202
2017-08-01,309.670928955078,241.767028808594,164.053283691406,83.0009809382619,76.8807663391793,90.0342941920303,137.859710693359,82.7571187522891
2017-09-01,326.514953613281,277.794555664062,256.478210449219,196.706638772404,88.6156497155191,102.089935325684,116.620018005371,105.009272746394
2017-10-01,190.56672668457,221.31575012207,227.005386352539,154.5327354196,98.3064045864905,120.318553096052,125.865852355957,99.2295505681544
2017-11-01,279.869964599609,233.097106933594,251.369415283203,187.011539519407,85.6574879156972,93.2891590270486,111.282684326172,93.3590913412785
2017-12-01,215.572021484375,190.258743286133,194.632125854492,226.623838739282,73.4351431895075,111.029985134786,140.350173950195,82.4456210040674
2018-01-01,165.005035400391,343.772430419922,221.137573242188,163.69993158856,65.7055893542056,95.6302587336435,160.967208862305,122.518347404624
2018-02-01,68.4635772705078,365.268096923828,192.03059387207,200.493028120353,91.1082874446769,71.1573538638151,114.755561828613,131.322474617468
2018-03-01,101.205299377441,449.623931884766,195.572143554688,150.67010189821,78.6338218600106,129.418991005172,187.09587097168,102.249745142469
2018-04-01,152.250946044922,303.540740966797,187.361099243164,159.881498270843,85.5430132550358,103.855925492796,139.035369873047,105.656727050096
2018-05-01,179.80891418457,257.347686767578,303.053894042969,73.7914607403891,82.4073444845655,134.964251537408,162.27668762207,115.363297382533
2018-06-01,152.193206787109,428.068664550781,331.262084960938,36.6791837048076,87.4104098626621,126.329388750822,134.402770996094,101.777035346692
2018-07-01,182.876541137695,292.017639160156,239.729843139648,282.127765252969,82.7135750704565,155.153872887589,176.205093383789,106.448333912503
2018-08-01,129.479125976562,359.618743896484,184.521148681641,123.321248521155,111.891664970194,149.484414133883,114.961380004883,104.519769386879
2018-09-01,130.235427856445,271.835052490234,230.680480957031,115.396005359495,105.899961508725,153.960057184088,120.985191345215,114.239655549595
2018-10-01,260.166931152344,296.154266357422,302.292877197266,146.919627451651,103.422372530046,176.211079267463,136.114654541016,107.941615403817
2018-11-01,177.466995239258,322.544097900391,274.457916259766,191.771219496345,107.520547001839,203.24537110303,164.942199707031,105.0861506896
2018-12-01,281.907318115234,290.394653320312,339.576538085938,217.39565295882,132.309763286006,243.033558053151,226.576889038086,115.089633978385
2019-01-01,127.068618774414,301.899963378906,363.047729492188,202.67313163101,125.746502497078,249.436502202593,284.135925292969,115.178637098609
2019-02-01,154.835464477539,266.60595703125,267.583587646484,81.0074385062717,114.063789865446,146.823761123823,123.639282226562,99.9505560850919
2019-03-01,158.129821777344,250.536743164062,238.689331054688,76.57027431,123.215573108117,172.994762664245,180.631683349609,91.6843567875793
2019-04-01,164.669906616211,297.647125244141,206.503890991211,80.2577945994147,114.022406381401,138.911178412281,109.686363220215,83.2598511645703
2019-05-01,184.266983032227,275.601928710938,159.846008300781,111.55889632584,122.278623139336,230.145751779519,160.858154296875,106.72016560089
2019-06-01,146.991607666016,339.071899414062,244.025543212891,234.355710884504,141.163862923533,248.528869937037,207.99137878418,83.9172673130249
2019-07-01,79.8370361328125,333.248901367188,269.496643066406,123.321248521155,158.287201136437,316.855461232397,207.745468139648,114.693268611729
2019-08-01,161.178115844727,400.904541015625,287.834014892578,252.704671399743,140.991407002407,538.176764508549,282.52294921875,144.060617719818
2019-09-01,187.55305480957,358.148468017578,275.049591064453,225.517417960041,112.276393253407,275.198547392016,186.640701293945,96.0316350478513
2019-10-01,178.199371337891,495.852355957031,267.709716796875,193.095702655353,112.993103352716,274.024401742938,159.51139831543,109.725332863692
2019-11-01,171.052383422852,364.876708984375,246.594940185547,198.433424730996,114.278689125381,239.35595029354,170.480346679688,118.264850368985
2019-12-01,183.185607910156,315.980346679688,244.388122558594,47.2603450182274,105.887406817171,257.886125216933,190.504913330078,90.8141
2020-01-01,130.715362548828,275.707855224609,254.269592285156,213.93728473817,98.9105929356235,255.230494798869,164.755325317383,100.479008754881
2020-02-01,232.253189086914,380.233703613281,238.523422241211,168.837911165634,109.083902211793,159.151652189069,216.191207885742,117.054140083621
2020-03-01,368.899841308594,569.658264160156,367.157043457031,229.909663711264,207.336092491057,224.87156131392,425.779205322266,183.180891845507
